{"cameraMode":{"drawMode":0,"name":"Shaded","section":"Shading Mode"},"sceneLighting":true,"audioPlay":false,"sceneViewState":{"m_AlwaysRefresh":false,"showFog":true,"showSkybox":true,"showFlares":true,"showImageEffects":true,"showParticleSystems":true,"showVisualEffectGraphs":true,"m_FxEnabled":true},"in2DMode":false,"pivot":{"x":0.4002922773361206,"y":-0.5987507104873657,"z":0.8241524696350098},"rotation":{"x":-0.3114403784275055,"y":-0.18041138350963593,"z":0.06034882739186287,"w":-0.9310332536697388},"size":1.6088721752166749,"orthographic":false}